{
    "step": 41,
    "epoch": 41.0,
    "train": {
        "loss": 0.6866179704666138
    },
    "valid": {
        "loss": 0.6944305300712585
    },
    "accuracy": 0.5552715063095093,
    "f1": {
        "score": 0.34982807594558235
    },
    "precision": {
        "score": 0.2920619071392911
    },
    "recall": {
        "score": 0.43607901602683563
    }
}