{
    "step": 9,
    "epoch": 9.0,
    "train": {
        "loss": 0.5712053775787354
    },
    "valid": {
        "loss": 0.6048734188079834
    },
    "accuracy": 0.7122620940208435
}