{
    "step": 41,
    "epoch": 41.0,
    "train": {
        "loss": 0.4257473051548004
    },
    "valid": {
        "loss": 0.9506520628929138
    },
    "accuracy": 0.5967890620231628,
    "f1": {
        "score": 0.3186452393295317
    },
    "precision": {
        "score": 0.2970360824742268
    },
    "recall": {
        "score": 0.34364517331345507
    }
}