{
    "step": 63,
    "epoch": 63.0,
    "train": {
        "loss": 0.42764925956726074
    },
    "valid": {
        "loss": 0.9193829298019409
    },
    "accuracy": 0.5316788554191589,
    "f1": {
        "score": 0.4449826989619377
    },
    "precision": {
        "score": 0.39605789959963045
    },
    "recall": {
        "score": 0.5076983813659692
    }
}