{
    "step": 63,
    "epoch": 63.0,
    "train": {
        "loss": 0.4336180090904236
    },
    "valid": {
        "loss": 0.8941811323165894
    },
    "accuracy": 0.5451095104217529,
    "f1": {
        "score": 0.44790928419560594
    },
    "precision": {
        "score": 0.41280209013716523
    },
    "recall": {
        "score": 0.4895429899302866
    }
}