{
    "step": 41,
    "epoch": 41.0,
    "train": {
        "loss": 492534.0625
    },
    "valid": {
        "loss": NaN
    },
    "accuracy": 0.2763063609600067,
    "f1": {
        "score": 0.4304225352112676
    },
    "precision": {
        "score": 0.27448162594949704
    },
    "recall": {
        "score": 0.9966455460305628
    }
}