{
    "step": 9,
    "epoch": 9.0,
    "train": {
        "loss": 0.6883606910705566
    },
    "valid": {
        "loss": 0.695064902305603
    },
    "accuracy": 0.5203023552894592
}