{
    "step": 9,
    "epoch": 9.0,
    "train": {
        "loss": 0.22163280844688416
    },
    "valid": {
        "loss": 0.23079055547714233
    },
    "accuracy": 0.9391046166419983
}