{
    "step": 31,
    "epoch": 31.0,
    "train": {
        "loss": 0.26068824529647827
    },
    "valid": {
        "loss": 1.0432438850402832
    },
    "accuracy": 0.5611599087715149,
    "f1": {
        "score": 0.5616969202529063
    },
    "precision": {
        "score": 0.5510204081632653
    },
    "recall": {
        "score": 0.5727953410981698
    }
}