{
    "step": 31,
    "epoch": 31.0,
    "train": {
        "loss": 0.22659669816493988
    },
    "valid": {
        "loss": 0.9434612989425659
    },
    "accuracy": 0.7344195246696472,
    "f1": {
        "score": 0.8298538622129435
    },
    "precision": {
        "score": 0.8276939094221759
    },
    "recall": {
        "score": 0.8320251177394035
    }
}