{
    "step": 23,
    "epoch": 23.0,
    "train": {
        "loss": 0.644006609916687
    },
    "valid": {
        "loss": 0.7753061056137085
    },
    "accuracy": 0.5387054085731506,
    "f1": {
        "score": 0.3688260808730936
    },
    "precision": {
        "score": 0.29525089605734767
    },
    "recall": {
        "score": 0.4912411479686918
    }
}