{
    "step": 63,
    "epoch": 63.0,
    "train": {
        "loss": 0.39929813146591187
    },
    "valid": {
        "loss": 0.9638374447822571
    },
    "accuracy": 0.5542353391647339,
    "f1": {
        "score": 0.38454753924854473
    },
    "precision": {
        "score": 0.36104670420669094
    },
    "recall": {
        "score": 0.41132075471698115
    }
}