{
    "step": 63,
    "epoch": 63.0,
    "train": {
        "loss": 0.45377954840660095
    },
    "valid": {
        "loss": 0.9636604189872742
    },
    "accuracy": 0.6165302991867065,
    "f1": {
        "score": 0.25948166877370415
    },
    "precision": {
        "score": 0.22087705138552596
    },
    "recall": {
        "score": 0.31443891229414017
    }
}