{
    "step": 31,
    "epoch": 31.0,
    "train": {
        "loss": 0.5531055331230164
    },
    "valid": {
        "loss": 0.7913609147071838
    },
    "accuracy": 0.5343065857887268,
    "f1": {
        "score": 0.4569288389513108
    },
    "precision": {
        "score": 0.4157372986369269
    },
    "recall": {
        "score": 0.5071806500377929
    }
}