{
    "step": 31,
    "epoch": 31.0,
    "train": {
        "loss": 0.5522830486297607
    },
    "valid": {
        "loss": 0.773749589920044
    },
    "accuracy": 0.5385401248931885,
    "f1": {
        "score": 0.463782866836302
    },
    "precision": {
        "score": 0.412866203563878
    },
    "recall": {
        "score": 0.5290247678018576
    }
}